DMG1001A01C1296_MY16GA5;MED17.1.10-6.1;EA888 Gen3 Audi MLB_EVO_MX17;Yes;Yes;MG1CS001;807915;785142;"VW MDL_HIL : MG1CS001_C / 1296_MLBevo_DQ7_MHEV_FXv8 ; 191024";123177;SWB26.1;5.4.5.173((Build 22628));;VME;released;"DMG1001A01C1296/Model/SWB26.1/VW MDL_HIL : MG1CS001_C / 1296_MLBevo_DQ7_MHEV_FXv8 ; 191024";http://rb-ps-tis.bosch.com:8081/tis/web/tci/id/123177
DMG1001A01C1296 / MY16GE3;MED17.1.10-6.1;EA888 Gen3 Audi MLB_EVO_MX17;Yes;Yes;MG1CS001;807915;785142;"VW MDL_HIL : MG1CS001_C / 1296_MLBevo_DQ7_MHEV_FXv8 ; 191024";123177;SWB26.1;5.4.5.173((Build 22628));;VME;released;"DMG1001A01C1296/Model/SWB26.1/VW MDL_HIL : MG1CS001_C / 1296_MLBevo_DQ7_MHEV_FXv8 ; 191024";http://rb-ps-tis.bosch.com:8081/tis/web/tci/id/123177
DMG1001A01C1296;MG1CS001-9.2;Audi EA888 Gen3;Yes;Yes;MG1CS001;807915;785142;"VW MDL_HIL : MG1CS001_C / 1296_MLBevo_DQ7_MHEV_FXv8 ; 191024";123177;SWB26.1;5.4.5.173((Build 22628));;VME;released;"DMG1001A01C1296/Model/SWB26.1/VW MDL_HIL : MG1CS001_C / 1296_MLBevo_DQ7_MHEV_FXv8 ; 191024";http://rb-ps-tis.bosch.com:8081/tis/web/tci/id/123177
DMG1001A01C1398;MG1CS001-9.2;Audi EA888 Gen3;Yes;Yes;MG1CS001;807915;784900;"VW MDL_HIL : MG1CS001_C / 1398_MLBevo_DQ7_MHEV_FXv8 ; 191111";123238;SWB26.1;5.4.5.173((Build 22628));;VME;released;"DMG1001A01C1398/Model/SWB26.1/VW MDL_HIL : MG1CS001_C / 1398_MLBevo_DQ7_MHEV_FXv8 ; 191111";http://rb-ps-tis.bosch.com:8081/tis/web/tci/id/123238
DMG1001A01C1873;MG1CS001-9.10;Audi EA888 Gen3;Yes;Yes;MG1CS001;807915;785094;"VW MDL : MG1CS001_C / 1873_TCNG_NTK_MQ_FXv8 ; 190401";10927;SWB26.1;5.4.5.173((Build 22628));;VME;released;"DMG1001A01C1873/Model/SWB26.1/VW MDL : MG1CS001_C / 1873_TCNG_NTK_MQ_FXv8 ; 190401";http://rb-ps-tis.bosch.com:8081/tis/web/tci/id/10927
DMG1001A01C1394;MG1CS001-9.4;Audi EA888 Gen3;Yes;No;MG1CS001;807915;829816;;;;;;;;;
DMG1001A01C1756;MG1CS001-9.7;Audi EA888 Gen3;Yes;Yes;MG1CS001;807915;785029;"VW MDL : MG1CS001_C / 1756_MLBevo_OPF_NTK_MQ_MHEV_FXv8 ; 190403";43031;SWB26.1;5.4.5.173((Build 22628));;VME;released;"DMG1001A01C1756/Model/SWB26.1/VW MDL : MG1CS001_C / 1756_MLBevo_OPF_NTK_MQ_MHEV_FXv8 ; 190403";http://rb-ps-tis.bosch.com:8081/tis/web/tci/id/43031
DMG1111A01C2008;MG1CS111-11.7;Audi EA888 Gen3;Yes;Yes;MG1CS111;807876;784997;"VW MDL_HIL : MG1CS111_C / 2008_MLBevo_OPF_NTK_DQ7_MHEV_FXv8 ; 190920";123734;SWB26.1;5.4.5.173((Build 22628));;VME;released;"DMG1111A01C2008/Model/HiL/SWB26.1/VME/VW MDL_HIL : MG1CS111_C / 2008_MLBevo_OPF_NTK_DQ7_MHEV_FXv8 ; 190920";http://rb-ps-tis.bosch.com:8081/tis/web/tci/id/123734
DMG1001A01C1349;MG1CS001-9.1;Audi EA888 Gen3;Yes;Yes;MG1CS001;807915;785132;"VW MDL_HIL : MG1CS001_C / 1349_TCNG_MQ_FXv8 ; 190724";123207;SWB26.1;5.4.5.173((Build 22628));;VME;released;"DMG1001A01C1349/Model/SWB26.1/VW MDL_HIL : MG1CS001_C / 1349_TCNG_MQ_FXv8 ; 190724";http://rb-ps-tis.bosch.com:8081/tis/web/tci/id/123207
DMG1001V01C1648;MG1CS001-9.5;VW EA888 Gen3;Yes;No;MG1CS001;807915;785293;;;;;;;;;
DMG1111A01C1628;MG1CS111-11.9;Audi EA888 Gen3;Yes;Yes;MG1CS111;807876;785069;VW MDL : MG1CS111_C / 1628_MQB_OPF_NTK_DQ7_CANv7_LCO5415;2650212;CSP2023.1;5.4.15.290;VeMoX231R00;VME;released;DMG1111A01C1628/Model/HiL/CSP2023.1/VME/VW MDL : MG1CS111_C / 1628_MQB_OPF_NTK_DQ7_CANv7_LCO5415;http://rb-ps-tis.bosch.com:8081/tis/web/tci/id/2650212
DMG1111A01C1885;MG1CS111-11.13;Audi EA888 Gen3;Yes;Yes;MG1CS111;807876;784862;"VW MDL_HIL : MG1CS111_C / 1885_MQB2020_DQ7_CANv9 ; 200206";123714;SWB26.1.HF1;5.4.5.173((Build 22628));;VME;released;"DMG1111A01C1885/Model/HiL/SWB26.1.HF1/VME/VW MDL_HIL : MG1CS111_C / 1885_MQB2020_DQ7_CANv9 ; 200206";http://rb-ps-tis.bosch.com:8081/tis/web/tci/id/123714
DMG1111A01C2106;MG1CS111-11.12;Audi EA888 Gen3;Yes;Yes;MG1CS111;807876;785058;"VW MDL_HIL : MG1CS111_C / 2106_MQB2020_OPF_NTK_DQ7_CANv9 ; 210401";632335;SWB26.1.HF1;5.4.5.173((Build 22628));VeMoX231R00;VME;released;"DMG1111A01C2106/Model/HiL/SWB26.1.HF1/VME/VW MDL_HIL : MG1CS111_C / 2106_MQB2020_OPF_NTK_DQ7_CANv9 ; 210401";http://rb-ps-tis.bosch.com:8081/tis/web/tci/id/632335
DMG1111A01C1938;MG1CS111-12.12;Audi EA888 Gen3.5;Yes;Yes;MG1CS111;807876;2724816;VW MDL : MG1CS111_C / 1938_MQB2020_OPF_NTK_DQ7_CANv9_LCO5415;2724815;CSP2023.1;5.4.15.290;VeMoX231R00;VME;released;DMG1111A01C1938_NY22A11/Model/HiL/CSP2023.1/VME/VW MDL : MG1CS111_C / 1938_MQB2020_OPF_NTK_DQ7_CANv9_LCO5415;http://rb-ps-tis.bosch.com:8081/tis/web/tci/id/2724815
DMG1111A01C1938 Hbr;MG1CS111-12.12;Audi EA888 Gen3.5;Yes;Yes;MG1CS111;807876;2724816;VW MDL : MG1CS111_C / 1938_MQB2020_OPF_NTK_DQ7_CANv9_LCO5415;2724815;CSP2023.1;5.4.15.290;VeMoX231R00;VME;released;DMG1111A01C1938_NY22A11/Model/HiL/CSP2023.1/VME/VW MDL : MG1CS111_C / 1938_MQB2020_OPF_NTK_DQ7_CANv9_LCO5415;http://rb-ps-tis.bosch.com:8081/tis/web/tci/id/2724815
DMG1111A01C1939;MG1CS111-12.12;Audi EA888 Gen3.5;Yes;Yes;MG1CS111;807876;785074;VW MDL _ MG1CS111_C _ 1939_MQB_OPF_NTK_DQ7_CANv7_LCO5415_2798287;3392045;CSP2023.1;5.4.15.290((Build 22628));VeMoX231R00;VME;released;DMG1111A01C1939/Model/HiL/CSP2023.1/VME/VW MDL _ MG1CS111_C _ 1939_MQB_OPF_NTK_DQ7_CANv7_LCO5415_2798287;http://rb-ps-tis.bosch.com:8081/tis/web/tci/id/3392045
DMG1111A01C1939 Hbr;MG1CS111-12.12;Audi EA888 Gen3.5;Yes;Yes;MG1CS111;807876;785074;VW MDL _ MG1CS111_C _ 1939_MQB_OPF_NTK_DQ7_CANv7_LCO5415_2798287;3392045;CSP2023.1;5.4.15.290((Build 22628));VeMoX231R00;VME;released;DMG1111A01C1939/Model/HiL/CSP2023.1/VME/VW MDL _ MG1CS111_C _ 1939_MQB_OPF_NTK_DQ7_CANv7_LCO5415_2798287;http://rb-ps-tis.bosch.com:8081/tis/web/tci/id/3392045
DMG1111A01C2107;MG1CS111-11.7;Audi EA888 Gen3.5;Yes;Yes;MG1CS111;807876;784948;"VW MDL : MG1CS111_C / 2107_MLBevo_OPF_NTK_DQ7_MHEV_FXv8 ; 200415";100770;SWB26.1.HF1;5.4.5.173((Build 22628));;VME;released;"DMG1111A01C2107/Model/HiL/SWB26.1.HF1/VME/VW MDL : MG1CS111_C / 2107_MLBevo_OPF_NTK_DQ7_MHEV_FXv8 ; 200415";http://rb-ps-tis.bosch.com:8081/tis/web/tci/id/100770
DMG1142A01C2293 (Gen3,5);MG1CS142 - 2.2;Audi EA888 Gen3.5 UNECE;Yes;Yes;MG1CS142;802241;895904;VW MDL : MG1CS142_C / 2293_NTK_DQ7_CANv14_SOK_LCO5415;3442508;CSP2023.1;5.4.15.173((Build 22628));VeMoX231R00;VME;released;DMG1142A01C2293/Model/HiL/CSP2023.1/VME/VW MDL : MG1CS142_C / 2293_NTK_DQ7_CANv14_SOK_LCO5415;http://rb-ps-tis.bosch.com:8081/tis/web/tci/id/3442508
DMG1142A01C2317 (Gen3);MG1CS142 - 2.2;Audi EA888 Gen3 UNECE;Yes;Yes;MG1CS142;802241;987668;VW MDL : MG1CS142_C / 2317_NTK_DQ7_CANv14_SOK_LCO5415;3442360;CSP2023.1;5.4.15.173((Build 22628));VeMoX231R00;VME;released;DMG1142A01C2317/Model/HiL/CSP2023.1/VME/VW MDL : MG1CS142_C / 2317_NTK_DQ7_CANv14_SOK_LCO5415;http://rb-ps-tis.bosch.com:8081/tis/web/tci/id/3442360
DMG1031A01C1682;MG1CS031-3.1;Audi EA888 Evo4 Lk1;Yes;Yes;MG1CS031;802205;784633;"VW MDL_HIL : MG1CS031_C / 1682_MLBevo_OPF_NTK_MQ_MHEV_FXv8 ; 201022";391519;SWB26.1;5.4.5.173((Build 22628));VeMoX231R00;VME;released;"DMG1031A01C1682/Model/HiL/SWB26.1/VME/VW MDL_HIL : MG1CS031_C / 1682_MLBevo_OPF_NTK_MQ_MHEV_FXv8 ; 201022";http://rb-ps-tis.bosch.com:8081/tis/web/tci/id/391519
DMG1031A01C2099 ƛ=1;MG1CS031-3.1;Audi EA888 Evo4 Lk1;Yes;No;MG1CS031;802205;784776;;;;;;;;;
DMG1031A02C1731;MG1CS031-3.2;Audi EA888 Evo4 Lk1;Yes;Yes;MG1CS031;802205;784763;1731_MQB2020_OPF_NTK_DQ7_MHEV_CANv9;1518533;;5.4.13.359;;VME;archived;DMG1031A02C1731/Model/HiL/5.4.13/VME/1731_MQB2020_OPF_NTK_DQ7_MHEV_CANv9;http://rb-ps-tis.bosch.com:8081/tis/web/tci/id/1518533
DMG1031A01C1922;MG1CS031-3.2;Audi EA888 Evo4 Lk1;Yes;Yes;MG1CS031;802205;784723;VW MDL : MG1CS031_C / 1922_MQB_OPF_NTK_DQ7_CANv7;3315535;CSP_LC_2023.1;5.4.15.290;VeMoX231R00;VME;released;DMG1031A01C1922/Model/HiL/CSP_LC_2023.1/VME/VW MDL : MG1CS031_C / 1922_MQB_OPF_NTK_DQ7_CANv7;http://rb-ps-tis.bosch.com:8081/tis/web/tci/id/3315535
DMG1031A01C1682 (UNECE Bundle3);MG1CS031-3.11;Audi EA888 Evo4 Lk1;Yes;Yes;MG1CS031;802205;784633;"VW MDL_HIL : MG1CS031_C / 1682_MLBevo_OPF_NTK_MQ_MHEV_FXv8 ; 201022";391519;SWB26.1;5.4.5.173((Build 22628));VeMoX231R00;VME;released;"DMG1031A01C1682/Model/HiL/SWB26.1/VME/VW MDL_HIL : MG1CS031_C / 1682_MLBevo_OPF_NTK_MQ_MHEV_FXv8 ; 201022";http://rb-ps-tis.bosch.com:8081/tis/web/tci/id/391519
DMG1031A01C2099 ƛ=1 (UNECE Bundle3);MG1CS031-3.11;Audi EA888 Evo4 Lk1;Yes;No;MG1CS031;802205;784776;;;;;;;;;
DMG1031A01C1922 (UNECE Bundle3);MG1CS031-3.12;Audi EA888 Evo4 Lk1;Yes;Yes;MG1CS031;802205;784723;VW MDL : MG1CS031_C / 1922_MQB_OPF_NTK_DQ7_CANv7;3315535;CSP_LC_2023.1;5.4.15.290;VeMoX231R00;VME;released;DMG1031A01C1922/Model/HiL/CSP_LC_2023.1/VME/VW MDL : MG1CS031_C / 1922_MQB_OPF_NTK_DQ7_CANv7;http://rb-ps-tis.bosch.com:8081/tis/web/tci/id/3315535
DMG1142A01C2292 (Evo4);MG1CS142 - 2.1;Audi EA888 Evo4 UNECE;Yes;Yes;MG1CS142;802241;802242;VW MDL : MG1CS142_C / 2292_NTK_DQ7_CANv14_SOK_LCO5415;3442560;CSP2023.1;5.4.15.173((Build 22628));VeMoX231R00;VME;released;DMG1142A01C2292/Model/HiL/CSP2023.1/VME/VW MDL : MG1CS142_C / 2292_NTK_DQ7_CANv14_SOK_LCO5415;http://rb-ps-tis.bosch.com:8081/tis/web/tci/id/3442560
D171XV00C000;MED17.1;VW EA888 T5 2,0l  MED17.1;No;No;;;;;;;;;;;;
D1752V07C000;MED17.5.2;VW EA888 1.8/2,0l  MED17.5.2;No;No;;;;;;;;;;;;
D1752V02C000;MED17.5.2;VW EA888 1.8/2,0l  MED17.5.2;No;No;;;;;;;;;;;;
D1752V04C000;MED17.5.2;VW EA888 1.8/2,0l  MED17.5.2;No;No;;;;;;;;;;;;
D1752V06C000;MED17.5.2;VW EA888 1.8/2,0l  MED17.5.2;No;No;;;;;;;;;;;;
D1752V05C000;MED17.5.2;VW EA888 1.8/2,0l  MED17.5.2;No;No;;;;;;;;;;;;
D1752V03C000;MED17.5.2;VW EA888 1.8/2,0l  MED17.5.2;No;No;;;;;;;;;;;;
DMG1002A01C1303;MG1CS002-2.1;EA839 KoVoMo - V6 (Audi);No;No;;;;;;;;;;;;
DMG1002AH2C1492;MG1CS002-2.3, 2.16/2.17;EA839 KoVoMo - V6 (Audi);Yes;Yes;MG1CS002;810844;810846;"VW MDL : MG1CS002_C / V6T_Mono_AT_PHEV_FX_v8 ; 200211";1588711;SWB26.1;5.4.5.173((Build 22628));;VME;released;"DMG1002AH2C1492/Model/HiL/SWB26.1/VME/VW MDL : MG1CS002_C / V6T_Mono_AT_PHEV_FX_v8 ; 200211";http://rb-ps-tis.bosch.com:8081/tis/web/tci/id/1588711
DMG1002AH2C1493;MG1CS002-2.3;EA839 KoVoMo - V6 (Audi);Yes;No;MG1CS002;810844;810847;;;;;;;;;
DMG1002AH2C1584;MG1CS002-2.3;EA839 KoVoMo - V6 (Audi);No;No;;;;;;;;;;;;
DMG1002AH2C1793;MG1CS002-2.3, 2.16/2.17;EA839 KoVoMo - V6 (Audi);Yes;Yes;MG1CS002;810844;810849;"VW MDL : MG1CS002_C / V6T_BiTurbo_AT_MHEV_FX_v8 ; 210202";1526695;SWB26.1;5.4.5.173((Build 22628));VeMoX140R16;VME;released;"DMG1002AH2C1793/Model/HiL/SWB26.1/VME/VW MDL : MG1CS002_C / V6T_BiTurbo_AT_MHEV_FX_v8 ; 210202";http://rb-ps-tis.bosch.com:8081/tis/web/tci/id/1526695
DMG1002AH2C1794;MG1CS002-2.3;EA839 KoVoMo - V6 (Audi);Yes;Yes;MG1CS002;810844;810850;VW MDL : MG1CS002_C_KoVOMo / V6T_Stereo_DCT_FX_v8;3580698;SWB26.1;5.4.5.173((Build 22628));;VME;released;DMG1002AH2C1794/Model/HiL/SWB26.1/VW MDL : MG1CS002_C_KoVOMo / V6T_Stereo_DCT_FX_v8;http://rb-ps-tis.bosch.com:8081/tis/web/tci/id/3580698
DMG1002AH2C1839;MG1CS002-2.3;EA839 KoVoMo - V6 (Audi);No;No;;;;;;;;;;;;
DMG1002A01C1456;MG1CS002-2.1;EA839 KoVoMo - V6 (Audi);No;No;;;;;;;;;;;;
DMG1002A02C1645;MG1CS002-2.7;EA839 KoVoMo - V6 (Audi);Yes;Yes;MG1CS002;810844;810848;VW MDL : MG1CS002_C_KoVOMo / V6T_Mono_DCT_Macan;3238496;CSP LC 2023.1;5.4.15;VeMoX140R16;VME;development;DMG1002A02C1645/Model/HiL/CSP LC 2023.1/VME/VW MDL : MG1CS002_C_KoVOMo / V6T_Mono_DCT_Macan;http://rb-ps-tis.bosch.com:8081/tis/web/tci/id/3238496
DMG1002PH2C1839;MG1CS002-2.19;EA839 KoVoMo - V6 (Porsche);Yes;Yes;MG1CS002;810844;810852;VW MDL : MG1CS002_C_KoVOMo / V6T_Stereo_DCT_PHEV_FX_v8;3675831;SWB26.1;5.4.5.173((Build 22628));;VME;released;DMG1002PH2C1839/Model/SWB26.1/VW MDL : MG1CS002_C_KoVOMo / V6T_Stereo_DCT_PHEV_FX_v8;http://rb-ps-tis.bosch.com:8081/tis/web/tci/id/3675831
DMG1002PH2C1973;MG1CS002-2.20;EA839 KoVoMo - V6 (Porsche);Yes;No;MG1CS008;811795;1462270;;;;;;;;;
DMG1002PH2C1974;MG1CS002-2.20;EA839 KoVoMo - V6 (Porsche);Yes;Yes;MG1CS002;810844;810854;VW MDL : MG1CS002_C / V6T_Mono_AT_PHEV_FX_v8;3429329;SWB 26.1;5.4.5.173((Build 22628));;VME;released;DMG1002PH2C1974/Model/HiL/SWB 26.1/VME/VW MDL : MG1CS002_C / V6T_Mono_AT_PHEV_FX_v8;http://rb-ps-tis.bosch.com:8081/tis/web/tci/id/3429329
DMG1008AH2C1795;MG1CS008-4.2, 6.12;EA839 - KoVoMo - V8 (Audi);No;No;;;;;;;;;;;;
DMG1008P01C1464;MG1CS008-3.1;EA839 - KoVoMo - V8 (Porsche);Yes;No;MG1CS008;811795;784295;;;;;;;;;
DMG1008PH2C1489;MG1CS008-4.2;EA839 - KoVoMo - V8 (Porsche);Yes;No;MG1CS008;811795;784328;;;;;;;;;
DMG1008PH2C1649;MG1CS008-4.2;EA839 - KoVoMo - V8 (Porsche);Yes;No;MG1CS008;811795;811995;;;;;;;;;
DMG1008PH2C1585;MG1CS008-4.2;EA839 - KoVoMo - V8 (Porsche);Yes;No;MG1CS008;811795;784316;;;;;;;;;
D1718P80A000;MED17.1.8;PAG V8 4,0 TSI EU6 KoVOMo MED17.1.8;No;No;;;;;;;;;;;;
D1718P8HA000;MED17.1.8;PAG V8 4,0 TSI EU6 KoVOMo MED17.1.8;No;No;;;;;;;;;;;;
DMG1164A01C2323;MG1CS164-1.2 (NAR);Audi EA855;No;No;;;;;;;;;;;;
DMG1163A01C2014;MG1CS163-4.7 (NAR);Audi EA855;No;No;;;;;;;;;;;;
D17162A02C000;MED17.1.62-3.3 (EU OPF);Audi EA855;No;No;;;;;;;;;;;;
D17162A01C000;MED17.1.62 (NAR);Audi EA855;No;No;;;;;;;;;;;;
D1711A11A000;MED17.1.1 (Slave);Audi V10HDZ;No;No;;;;;;;;;;;;
MMD114A0CA1788;MD1CS014-1.1;Audi V6 TDI Gen3Evo;No;No;;;;;;;;;;;;
PMD104A0BC1447;MD1CP004-2.1;Audi V6 TDI Gen2Evo;No;No;;;;;;;;;;;;
PMD104A0CC1467;MD1CP004-2.3;Audi V6 TDI Gen2Evo;No;No;;;;;;;;;;;;
PMD104A0QC1314;MD1CP004-2.1;Audi V6 TDI Gen2Evo;No;No;;;;;;;;;;;;
PMD104A0BC1503;MD1CP004-3.4;Audi V6 TDI Gen3;No;No;;;;;;;;;;;;
PMD104A0DC1551;MD1CP004-3.4;Audi V6 TDI Gen3;Yes;Yes;MD1CP004;785532;785533;"VW MDL_HIL : MD1CP004_C / V6_TDI_GEN3_MHEV_FXv8 ; 190124";267437;SWB26.1;5.4.5.173((Build 22628));;VME;released;"PMD104A0DC1551/Model/SWB26.1/VW MDL_HIL : MD1CP004_C / V6_TDI_GEN3_MHEV_FXv8 ; 190124";http://rb-ps-tis.bosch.com:8081/tis/web/tci/id/267437
PMD104A0MP1646;MD1CP004-3.11;Audi V6 TDI Gen3;No;No;;;;;;;;;;;;
PMD104A0QC1669;MD1CP004-3.8;Audi V6 TDI Gen2Evo;No;No;;;;;;;;;;;;
PMD114A0QC1351;MD1CP014-5.2;Audi V8 TDI Gen3;No;No;;;;;;;;;;;;
PMD114A0DC1508;MD1CP014-5.1;Audi V8 TDI Gen3;No;No;;;;;;;;;;;;
P1754A0AC1556 PL7, EU5;EDC17CP54-2.7;Audi V6 Gen2Evo (EDC17);Yes;No;EDC17CP54;2189604;3117101;;;;;;;;;
P1754A0AC1556 PL8;EDC17CP54-2.8;Audi V6 Gen2Evo (EDC17);Yes;No;EDC17CP54;2189604;3117101;;;;;;;;;
P1754A0QC1160;EDC17CP54-2.1;P1160 Audi V6TDI Gen2Evo CRS3-20 EU6 Q7NF AVS EDC17CP54;No;No;;;;;;;;;;;;
P1754A0CC1304;EDC17CP54-2.2;Audi V6 Gen2Evo (EDC17);No;No;;;;;;;;;;;;
P628;EDC17 CP24-2.1;Audi W19 EU6 BIN5;No;No;;;;;;;;;;;;
P860;EDC17CP24 2.3;Audi W19 EU6 BIN5;No;No;;;;;;;;;;;;
P1744A0QC930;EDC17CP44-3.3;Audi W19 EU6 BIN5;No;No;;;;;;;;;;;;
P1132;EDC17CP44 3.2;Audi W19 EU6 BIN5;No;No;;;;;;;;;;;;
P1744A0QC1133;EDC17CP44 3.3;Audi W19 EU6 BIN5;No;No;;;;;;;;;;;;
P1744A0CC985;EDC17CP44-3.6;Audi W19 EU6 BIN5;No;No;;;;;;;;;;;;
P1744A0QC1068;EDC17CP44-3.3;Audi W19 EU6 BIN5;No;No;;;;;;;;;;;;
P1744A0TC804;EDC17CP44-3.5;Audi W19 EU6 BIN5;No;No;;;;;;;;;;;;
P1744A0BC1350;EDC17CP44-3.6;P1350 Audi V6 GEN2 EU6W B8 PA EDC17CP44;No;No;;;;;;;;;;;;
P1744A0CC1422;EDC17 CP44-3.6;P1422 Audi V6 GEN2 EU6 Macan EDC17CP44;No;No;;;;;;;;;;;;
P1744A0QC1104;EDC17CP44 3.3;PFAM Audi 6Zyl W36 DS MY12ff EU6 BIN5;No;No;;;;;;;;;;;;
P1744A0TC1105;EDC17CP44 3.2;PFAM Audi 6Zyl W36 DS MY12ff EU6 BIN5;No;No;;;;;;;;;;;;
P1744A0DC1106;EDC17CP44 3.6;PFAM Audi 6Zyl W36 DS MY12ff EU6 BIN5;No;No;;;;;;;;;;;;
P1744A0QC1243;EDC17CP44-3.4;PFAM Audi 6Zyl W36 DS MY12ff EU6 BIN5;No;No;;;;;;;;;;;;
P1704A0CP617;EDC17CP04-4.4;Audi W19 EU5;No;No;;;;;;;;;;;;
P1714A0CP788;EDC17CP14-2.42;Audi W19 EU5;No;No;;;;;;;;;;;;
P1714A0CP714;EDC17CP14-2.42;Audi W19 EU5;No;No;;;;;;;;;;;;
P1744A0DC1234;EDC17 CP44-3.13;P1234 Audi W24 EU6;No;No;;;;;;;;;;;;
P1744A0CC1247;EDC17CP44-3.6;P1101 PFAM Audi 6Zyl W36MP DS EU6;No;No;;;;;;;;;;;;
P1744A0CC1249;EDC17CP44-3.3;P1101 PFAM Audi 6Zyl W36MP DS EU6;No;No;;;;;;;;;;;;
P1744A0TC1248;EDC17CP44-3.2;P1101 PFAM Audi 6Zyl W36MP DS EU6;No;No;;;;;;;;;;;;
P1744A0BC1083;EDC17CP44-3.3;P1101 PFAM Audi 6Zyl W36MP DS EU6;No;No;;;;;;;;;;;;
P1744A0BC1071;EDC17CP44-3.1, 3.7;P1071 Audi V6TDI W36 CRS3-20 EU5 C7 Effizienz EDC17CP44;No;No;;;;;;;;;;;;
P1744A0QC815;EDC17CP44-3.1;P1071 Audi V6TDI W36 CRS3-20 EU5 C7 Effizienz EDC17CP44;No;No;;;;;;;;;;;;
P1744A0CC1071;EDC17CP44-3.1, 3.7;P1071 Audi V6TDI W36 CRS3-20 EU5 C7 Effizienz EDC17CP44;No;No;;;;;;;;;;;;
P1744A0CC897;EDC17CP44-3.4;P1071 Audi V6TDI W36 CRS3-20 EU5 C7 Effizienz EDC17CP44;No;No;;;;;;;;;;;;
P1744A0CC1353;EDC17CP44-3.1, 3.7;P1353 Audi V6 GEN2 EU5J Panamera HMLT EDC17CP44;No;No;;;;;;;;;;;;
P1744A0DC1365;EDC17CP44 3.6;Audi V6 BIN5 MY15 EDC17CP44;No;No;;;;;;;;;;;;
P1744A0TC1364;EDC17CP44 3.2;Audi V6 BIN5 MY15 EDC17CP44;No;No;;;;;;;;;;;;
MMD104VMAC1483 (MA6);MD1CS004-3.1;VW EA288evo;Yes;No;MD1CS004;796281;785917;;;;;;;;;
MMD104VMCC1635 (MC7);MD1CS004-7.2;VW EA288evo;Yes;Yes;MD1CS004_C;2915737;2915738;VW MDL : MD1CS004_C / P1635_MC_AT_CAN_LCO5415;3288523;CSP2023.1;5.4.15.290;VeMoX241R11;VME;released;MMD104VMCC1635/Model/HiL/CSP2023.1/VME/VW MDL : MD1CS004_C / P1635_MC_AT_CAN_LCO5415;http://rb-ps-tis.bosch.com:8081/tis/web/tci/id/3288523
MMD104VMDC1635 (MD7);MD1CS004-7.3;VW EA288evo;Yes;Yes;MD1CS004_C;2915737;3032888;VW MDL : MD1CS004_C / P1635_MD_AT_CANFD_LCO5415;3287881;CSP2023.1;5.4.15.290;VeMoX241R11;VME;released;MMD104VMDC1635/Model/HiL/CSP2023.1/VME/VW MDL : MD1CS004_C / P1635_MD_AT_CANFD_LCO5415;http://rb-ps-tis.bosch.com:8081/tis/web/tci/id/3287881
MMD104VMAC1635 (MA8);MD1CS004-7.1;VW EA288evo;Yes;Yes;MD1CS004_C;2915737;3174615;VW MDL : MD1CS004_C / P1635_MA_AT_FX_LCO5415;3298672;CSP2023.1;5.4.15.290;VeMoX241R11;VME;released;MMD104VMAC1635/Model/HiL/CSP2023.1/VME/VW MDL : MD1CS004_C / P1635_MA_AT_FX_LCO5415;http://rb-ps-tis.bosch.com:8081/tis/web/tci/id/3298672
MMD104VMCC1635 (MC8);MD1CS004-7.2;VW EA288evo;Yes;Yes;MD1CS004_C;2915737;2915738;VW MDL : MD1CS004_C / P1635_MC_AT_CAN_LCO5415;3288523;CSP2023.1;5.4.15.290;VeMoX241R11;VME;released;MMD104VMCC1635/Model/HiL/CSP2023.1/VME/VW MDL : MD1CS004_C / P1635_MC_AT_CAN_LCO5415;http://rb-ps-tis.bosch.com:8081/tis/web/tci/id/3288523
MMD104VMDC1635 (MD8);MD1CS004-7.3;VW EA288evo;Yes;Yes;MD1CS004_C;2915737;3032888;VW MDL : MD1CS004_C / P1635_MD_AT_CANFD_LCO5415;3287881;CSP2023.1;5.4.15.290;VeMoX241R11;VME;released;MMD104VMDC1635/Model/HiL/CSP2023.1/VME/VW MDL : MD1CS004_C / P1635_MD_AT_CANFD_LCO5415;http://rb-ps-tis.bosch.com:8081/tis/web/tci/id/3287881
MMD104VMDC1635 (MDA);MD1CS004-7.3;VW EA288evo;Yes;Yes;MD1CS004_C;2915737;3032888;VW MDL : MD1CS004_C / P1635_MD_AT_CANFD_LCO5415;3287881;CSP2023.1;5.4.15.290;VeMoX241R11;VME;released;MMD104VMDC1635/Model/HiL/CSP2023.1/VME/VW MDL : MD1CS004_C / P1635_MD_AT_CANFD_LCO5415;http://rb-ps-tis.bosch.com:8081/tis/web/tci/id/3287881
MMD104VMAC1635 (MA9);MD1CS004 7.7;VW EA288evo;Yes;Yes;MD1CS004_C;2915737;3174615;VW MDL : MD1CS004_C / P1635_MA_AT_FX_LCO5415;3298672;CSP2023.1;5.4.15.290;VeMoX241R11;VME;released;MMD104VMAC1635/Model/HiL/CSP2023.1/VME/VW MDL : MD1CS004_C / P1635_MA_AT_FX_LCO5415;http://rb-ps-tis.bosch.com:8081/tis/web/tci/id/3298672
MMD104VMCC1635 (MC9);MD1CS004 7.6;VW EA288evo;Yes;Yes;MD1CS004_C;2915737;2915738;VW MDL : MD1CS004_C / P1635_MC_AT_CAN_LCO5415;3288523;CSP2023.1;5.4.15.290;VeMoX241R11;VME;released;MMD104VMCC1635/Model/HiL/CSP2023.1/VME/VW MDL : MD1CS004_C / P1635_MC_AT_CAN_LCO5415;http://rb-ps-tis.bosch.com:8081/tis/web/tci/id/3288523
MMD104VMAC1635 (MAA);MD1CS004 8.1;VW EA288evo;Yes;Yes;MD1CS004_C;2915737;3174615;VW MDL : MD1CS004_C / P1635_MA_AT_FX_LCO5415;3298672;CSP2023.1;5.4.15.290;VeMoX241R11;VME;released;MMD104VMAC1635/Model/HiL/CSP2023.1/VME/VW MDL : MD1CS004_C / P1635_MA_AT_FX_LCO5415;http://rb-ps-tis.bosch.com:8081/tis/web/tci/id/3298672
MMD104VMCC1635 (MCA);MD1CS004 8.2;VW EA288evo;Yes;Yes;MD1CS004_C;2915737;2915738;VW MDL : MD1CS004_C / P1635_MC_AT_CAN_LCO5415;3288523;CSP2023.1;5.4.15.290;VeMoX241R11;VME;released;MMD104VMCC1635/Model/HiL/CSP2023.1/VME/VW MDL : MD1CS004_C / P1635_MC_AT_CAN_LCO5415;http://rb-ps-tis.bosch.com:8081/tis/web/tci/id/3288523
MMD1104VMFC1894;MD1CS104-2.6;VW EA288evo;Yes;Yes;MD1CS104;793367;785309;VW MDL : MD1CS104_C / P1894_T6PA_AT_CANFDV14;3756371;CSP LC 2023.1;5.4.15.290;;VME;archived;MMD1104VMFC1894/Model/HiL/CSP LC 2023.1/VME/P1894_T6PA_AT_CANFDV14/VW MDL : MD1CS104_C / P1894_T6PA_AT_CANFDV14;http://rb-ps-tis.bosch.com:8081/tis/web/tci/id/3756371
MMD1104VMGC2057;MD1CS104-2.6;VW EA288evo;Yes;Yes;MD1CS104;793367;806516;VW MDL : MD1CS104_C / P2057_EA288evo_AT_CANFDV14;2785962;CSP LC 2022.1;5.4.13.359;VeMoX270R00;VME;archived;MMD1104VMGC2057/Model/HiL/CSP LC 2022.1/VME/P2057_EA288evo_AT_CANFDV14/VW MDL : MD1CS104_C / P2057_EA288evo_AT_CANFDV14;http://rb-ps-tis.bosch.com:8081/tis/web/tci/id/2785962
MMD1104VMLC2249;MD1CS104-2.5;VW EA288evo;Yes;Yes;MD1CS104;793367;793368;VW MDL : MD1CS104_C / P2249_EA288evo_AT_FX12;3480623;CSP LC 2023.1;5.4.15.290;;VME;archived;MMD1104VMLC2249/Model/HiL/CSP LC 2023.1/VME/P2249_EA288evo_AT_FX12/VW MDL : MD1CS104_C / P2249_EA288evo_AT_FX12;http://rb-ps-tis.bosch.com:8081/tis/web/tci/id/3480623
MMD1104VMKC2249;MD1CS104-2.6;VW EA288evo;Yes;Yes;MD1CS104;793367;794883;VW MDL : MD1CS104_C / P2249_EA288evo_MT_CANFDV14;2663864;CSP LC 2022.1;5.4.13.359;VeMoX270R00;VME;archived;MMD1104VMKC2249/Model/HiL/CSP LC 2022.1/VME/P2249_EA288evo_MT_CANFDV14/VW MDL : MD1CS104_C / P2249_EA288evo_MT_CANFDV14;http://rb-ps-tis.bosch.com:8081/tis/web/tci/id/2663864
MMD1104VMNC2249;MD1CS104-1.8;VW EA288;Yes;No;MD1CS104;793367;2268102;;;;;;;;;
MMD104VMEC1635 (ME8);MD1CS004-7.5;VW EA288;Yes;Yes;MD1CS004;796281;785338;"VW MDL_HIL : MD1CS004_C / P1635_ME_MT_CANv9 ; 200527";250754;SWB26.1;5.4.5.173((Build 22628));VeMoX241R11;VME;released;"MMD104VMEC1635/Model/SWB26.1/VW MDL_HIL : MD1CS004_C / P1635_ME_MT_CANv9 ; 200527";http://rb-ps-tis.bosch.com:8081/tis/web/tci/id/250754
M1764VDAC866;EDC17C64-1.3;VW EA288;Yes;No;EDC17C64;832606;785246;;;;;;;;;
M1764VDBC866;EDC17C64-1.3;VW EA288;No;No;;;;;;;;;;;;
M1764VDFC866;EDC17C64-1.3;VW EA288;No;No;;;;;;;;;;;;
M1774VDLC1274;EDC17C74 - 3.1;VW EA288;Yes;Yes;EDC17C74;832521;3877077;VW MDL : EDC17C74_C2 / P1274_EA288_SCR_FXV809NM_C2 : 250808_110849;3877139;SWB26.1;5.4.5.173((Build 22628));;VME;development;M1774VDLC1274/Model/HiL/SWB26.1/VW MDL : EDC17C74_C2 / P1274_EA288_SCR_FXV809NM_C2 : 250808_110849;http://rb-ps-tis.bosch.com:8081/tis/web/tci/id/3877139
M1774VDTC1274;EDC17C74 - 2.2/3.2;VW EA288;Yes;Yes;EDC17C74;832521;3876795;"VW MDL : EDC17C74_C2 / P1274_EA288_NSC_CANv7_C2 ; 200519";3876837;SWB26.1;5.4.5.173((Build 22628));;VME;released;"M1774VDTC1274/Model/HiL/SWB26.1/VW MDL : EDC17C74_C2 / P1274_EA288_NSC_CANv7_C2 ; 200519";http://rb-ps-tis.bosch.com:8081/tis/web/tci/id/3876837
P1774VBOC1275;EDC17CP74-2.1;VW EA288;No;No;;;;;;;;;;;;
P1774VBPC1275;EDC17CP74-2.1;VW EA288;No;No;;;;;;;;;;;;
M1764VDEC866;EDC17C64-1.3;VW EA288;No;No;;;;;;;;;;;;
M1764VDGC866;EDC17C64-1.3;VW EA288;No;No;;;;;;;;;;;;
M1774VDNC1274;EDC17C74-2.2;VW EA288;Yes;Yes;EDC17C74;832521;3876966;"VW MDL : EDC17C74_C2 / P1274_EA288_SCR_CANv7_C2 ; 190311";3876981;SWB26.1;5.4.5.173((Build 22628));;VME;released;"M1774VDNC1274_M9PM/Model/HiL/SWB26.1/VW MDL : EDC17C74_C2 / P1274_EA288_SCR_CANv7_C2 ; 190311";http://rb-ps-tis.bosch.com:8081/tis/web/tci/id/3876981
DMG1211V07C1935 (M22J);MG1CS211 6.F;VW EA211 TSI Evo2;Yes;Yes;MG1CS211;790067;790068;"VW MDL : MG1CS211_C_EA211Evo / 110kW_OPF_DQ_CANv7_PCIe ; 22032024";2166170;;;;;archived;"DMG1211V07C1935/Model/PCIE/VW MDL : MG1CS211_C_EA211Evo / 110kW_OPF_DQ_CANv7_PCIe ; 22032024";http://rb-ps-tis.bosch.com:8081/tis/web/tci/id/2166170
DMG1211V07C1935 (M23L);MG1CS211-6.F;VW EA211 TSI Evo2;Yes;Yes;MG1CS211;790067;790068;"VW MDL : MG1CS211_C_EA211Evo / 110kW_OPF_DQ_CANv7_PCIe ; 22032024";2166170;;;;;archived;"DMG1211V07C1935/Model/PCIE/VW MDL : MG1CS211_C_EA211Evo / 110kW_OPF_DQ_CANv7_PCIe ; 22032024";http://rb-ps-tis.bosch.com:8081/tis/web/tci/id/2166170
DMG1211V05C2049;MG1CS211-6.G;VW EA211 TSI Evo2;Yes;Yes;MG1CS211;790067;841528;VW MDL : MG1CS211_C_EA211EU7 / 110KW_OPF_DQ_MHEV_CANv14;2575514;CSP LC 2023.1;5.4.15.290;VeMoX241R10;VME;development;DMG1211V05C2049/Model/HiL/CSP LC 2023.1/VME/VW MDL : MG1CS211_C_EA211EU7 / 110KW_OPF_DQ_MHEV_CANv14;http://rb-ps-tis.bosch.com:8081/tis/web/tci/id/2575514
DMG1211V79C2115;MG1CS211-6.G;VW EA211 TSI Evo2;Yes;Yes;MG1CS211;790067;952143;VW MDL : MG1CS211_C_EA211Evo / 118KW_CN_OPF_DQ_CANv14;3815586;CSP LC 2023.1;5.4.15.290;VeMoX241R10;VME;development;DMG1211V79C2115/Model/HiL/CSP LC 2023.1/VME/VW MDL : MG1CS211_C_EA211Evo / 118KW_CN_OPF_DQ_CANv14;http://rb-ps-tis.bosch.com:8081/tis/web/tci/id/3815586
DMG1011V01CJ002 (C Line);MG1CS011-3.1;VW EA211 TSI Evo;Yes;No;MG1CS011;803580;2330729;;;;;;;;;
DMG1001V09C1670 (E Line) CNG;MG1CS011-4.8;VW EA211 TGI Evo;No;No;;;;;;;;;;;;
DMG1011V06C1801 (E Line);MG1CS011-3.1;VW EA211 TSI Evo;Yes;Yes;MG1CS011;803580;823779;"VW MDL : MG1CS011_C_JDP / 96kW_DQ_CANv719 ; 190315";33440;;5.4.5.173((Build 22628));;VME;released;"DMG1011V06C1801/Model/VW MDL : MG1CS011_C_JDP / 96kW_DQ_CANv719 ; 190315";http://rb-ps-tis.bosch.com:8081/tis/web/tci/id/33440
DMG1011V11C1845 (H, F, G, and K Line);MG1CS011-4.5;VW EA211 TSI Evo;Yes;Yes;MG1CS011;803580;803581;"VW MDL_HIL : MG1CS011_MG1CS011_C / 100kW_DQ_CANv9 ; 210713";743398;SWB26.1;5.4.5.173((Build 22628));;VME;released;"DMG1011V11C1845/Model/SWB26.1/VW MDL_HIL : MG1CS011_MG1CS011_C / 100kW_DQ_CANv9 ; 210713";http://rb-ps-tis.bosch.com:8081/tis/web/tci/id/743398
DMG1011V19C1846 (N Line) CNG;MG1CS011-4.8;VW EA211 TGI Evo;Yes;Yes;MG1CS011;803580;784736;"VW MDL_HIL : MG1CS011_MG1CS011_C / 96kW_CNG_MQ_CANv9 ; 200809";252526;SWB26.1;5.4.5.173((Build 22628));;VME;released;"DMG1011V19C1846/Model/SWB26.1/VW MDL_HIL : MG1CS011_MG1CS011_C / 96kW_CNG_MQ_CANv9 ; 200809";http://rb-ps-tis.bosch.com:8081/tis/web/tci/id/252526
DMG1011V21C1916 (B, F, G, and K Line);MG1CS011-4.5;VW EA211 TSI Evo;Yes;Yes;MG1CS011;803580;826697;VW MDL : MG1CS011_C / 96kW_DQ_CANv7_LCO5.4.15;3828600;CSP_2023.1;5.4.15.173((Build 22628));;VME;released;DMG1011V21C1916/Model/CSP_2023.1/VW MDL : MG1CS011_C / 96kW_DQ_CANv7_LCO5.4.15;http://rb-ps-tis.bosch.com:8081/tis/web/tci/id/3828600
D17525V21C001;MED17.1.27;VW EA211 TSI;No;No;;;;;;;;;;;;
D17525V22C001;MED17.1.27;VW EA211 TSI;No;No;;;;;;;;;;;;
D17525V23C001;MED17.1.27;VW EA211 TSI;No;No;;;;;;;;;;;;
D17525V24C001;MED17.1.27;VW EA211 TSI;No;No;;;;;;;;;;;;
D17525V60C001;MED17.1.27;VW EA211 TSI;No;No;;;;;;;;;;;;
D17525V61C001;MED17.1.27;VW EA211 TSI;No;No;;;;;;;;;;;;
D17525V62C001;MED17.1.27;VW EA211 TSI;No;No;;;;;;;;;;;;
D17525V63C001;MED17.1.27;VW EA211 TSI;No;No;;;;;;;;;;;;
D17525V64C001;MED17.1.27;VW EA211 TSI;No;No;;;;;;;;;;;;
D17525V68C001;MED17.1.27;VW EA211 TSI;No;No;;;;;;;;;;;;
D17525V69C001;MED17.1.27;VW EA211 TSI;No;No;;;;;;;;;;;;
D17525V72C001;MED17.1.27;VW EA211 TSI;No;No;;;;;;;;;;;;
D17525V80C001;MED17.1.27;VW EA211 TSI;No;No;;;;;;;;;;;;
D17525V81C001;MED17.1.27;VW EA211 TSI;Yes;No;MED17525;1041280;785360;;;;;;;;;
D17525V84C001;MED17.1.27;VW EA211 TSI;No;No;;;;;;;;;;;;
D17525V86C001;MED17.1.27;VW EA211 TSI;No;No;;;;;;;;;;;;
D17525V88C001;MED17.1.27;VW EA211 TSI;No;No;;;;;;;;;;;;
D17525V89C001;MED17.1.27;VW EA211 TSI;No;No;;;;;;;;;;;;
D17525V71C001;MED17.1.27;VW EA211 TSI;Yes;Yes;MED17525;1041280;1041281;"VW MDL_HIL : MED17525_HI3 / HI3_CANv7_E100 ; 190722";480551;SWB26.1;5.4.5.173((Build 22628));;VME;released;"D17525V71C001/Model/SWB26.1/VW MDL_HIL : MED17525_HI3 / HI3_CANv7_E100 ; 190722";http://rb-ps-tis.bosch.com:8081/tis/web/tci/id/480551
DMG1163V2HA1809;MG1CS211-3.1;VW EA211 TSI PHEV;No;No;;;;;;;;;;;;
DMG1211VH1B1809;MG1CS211-3.1;VW EA211 TSI PHEV;No;No;;;;;;;;;;;;
DMG1163VH2A1809;MG1CS211-3.1;VW EA211 TSI PHEV;No;No;;;;;;;;;;;;
DMG1211VH1C1809;MG1CS211-3.1;VW EA211 TSI PHEV;Yes;No;MG1CS211;790067;912733;;;;;;;;;
DMG1211VH1B1989;MG1CS211-3.1;VW EA211 TSI PHEV;No;No;;;;;;;;;;;;
DMG1211VH1C1989;MG1CS211-3.1;VW EA211 TSI PHEV;Yes;No;MG1CS211;790067;785797;;;;;;;;;
DMG1811V01C1920;MG1CA811-2.2;VW EA211 MPI;No;No;;;;;;;;;;;;
DMG1811V13C1896;MG1CA811-3.4;VW EA211 MPI;Yes;Yes;MG1CA811;799555;784908;"VW MDL_HIL : MG1CA811_C / EA211_R4_MPI_CANv9 ; 200718";263766;SWB26.1;5.4.5.173((Build 22628));;VME;released;"DMG1811V13C1896/Model/SWB26.1/VW MDL_HIL : MG1CA811_C / EA211_R4_MPI_CANv9 ; 200718";http://rb-ps-tis.bosch.com:8081/tis/web/tci/id/263766
DMG1811V01C1825;MG1CA811-2.12;VW EA211 MPI;Yes;Yes;MG1CA811;799555;784649;"VW MDL_HIL : MG1CA811_C / EA211_R4_MPI_CANv5 ;181214";263793;SWB26.1;5.4.5.173((Build 22628));;VME;released;"DMG1811V01C1825/Model/SWB26.1/VW MDL_HIL : MG1CA811_C / EA211_R4_MPI_CANv5 ;181214";http://rb-ps-tis.bosch.com:8081/tis/web/tci/id/263793
DMG1811V03C1834;MG1CA811-2.11;VW EA211 MPI;No;No;;;;;;;;;;;;
DMG1811V12C1927;MG1CA811-2.2;VW EA211 MPI;Yes;Yes;MG1CA811;799555;828178;"VW MDL_HIL : MG1CA811_C / EA211_R3_MPI_CANv7 ; 210831";772807;SWB26.1;5.4.5.173((Build 22628));;VME;released;"DMG1811V12C1927/Model/SWB26.1/VW MDL_HIL : MG1CA811_C / EA211_R3_MPI_CANv7 ; 210831";http://rb-ps-tis.bosch.com:8081/tis/web/tci/id/772807
DMG1811V15C2365;MG1CA811-2.2;VW EA211 MPI;Yes;No;MG1CA811;799555;973752;;;;;;;;;
DMG1811V14C2005;MG1CA811-2.2;VW EA211 MPI;Yes;No;MG1CA811;799555;785463;;;;;;;;;
DMG1811V33C2313;MG1CA811-3.5;VW EA211 MPI;Yes;Yes;MG1CA811;799555;1469325;VW MDL : MG1CA811_C_VeMoX_R270 / EA211_R4_MPI_MT_CANv1407;3355810;CSP_LC_2023.1;5.4.15.290;;VME;development;DMG1811V33C2313/Model/HiL/CSP_LC_2023.1/VME/VW MDL : MG1CA811_C_VeMoX_R270 / EA211_R4_MPI_MT_CANv1407;http://rb-ps-tis.bosch.com:8081/tis/web/tci/id/3355810
DMG1811V31A2353;MG1CA811-2.81;VW EA211 MPI;Yes;No;MG1CA811;799555;983003;;;;;;;;;
DMG1811V31C2353;MG1CA811-2.8;VW EA211 MPI;Yes;Yes;MG1CA811;799555;1252920;VW MDL : MG1CA811_C_VeMoX_R270 / EA111_RSA_R4_MPI_MT_CANv5;2944819;CSP_LC_2023.1;5.4.15.290;;VME;released;DMG1811V31C2353/Model/HiL/CSP_LC_2023.1/VME/VW MDL : MG1CA811_C_VeMoX_R270 / EA111_RSA_R4_MPI_MT_CANv5;http://rb-ps-tis.bosch.com:8081/tis/web/tci/id/2944819
DMG1211V81P1932;MG1CS211-6.11;VW EA211 TSI;No;No;;;;;;;;;;;;
DMG1211V81C1932;MG1CS211-6.11;VW EA211 TSI;Yes;No;MG1CS211;790067;896527;;;;;;;;;
DMG1211V82C1933;MG1CS211-3.1;VW EA211 TSI;Yes;No;MG1CS211;790067;785182;;;;;;;;;
DMG1211V84C2179;MG1CS211-3.1;VW EA211 TSI;Yes;No;MG1CS211;790067;785207;;;;;;;;;
DMG1211V01C2006;MG1CS211-3.11;VW EA211 TSI;Yes;Yes;MG1CS211;790067;832098;"VW MDL : MG1CS211_C_EA211Classic / EA211_RDW_R4_AQ_CANv9 ; 200127";76753;SWB26.1;5.4.5.173((Build 22628));;VME;released;"DMG1211V01C2006/Model/SWB26.1/VW MDL : MG1CS211_C_EA211Classic / EA211_RDW_R4_AQ_CANv9 ; 200127";http://rb-ps-tis.bosch.com:8081/tis/web/tci/id/76753
DMG1211V89P2473;MG1CS211-6.B;VW EA211 TSI;No;No;;;;;;;;;;;;
DMG1211V04C2305;MG1CS211-4.A;VW EA211 TSI;No;No;;;;;;;;;;;;
DMG1211V09C2307;MG1CS211-4.B;VW EA211 TSI;Yes;Yes;MG1CS211;790067;959838;VW MDL : MG1CS211_C / EA211_CN_R4_DQ_SOK_CANv1409;3422427;CSP2023.1;5.4.15.290;VeMoX241R10;VME;development;DMG1211V09C2307/Model/HiL/CSP2023.1/VME/VW MDL : MG1CS211_C / EA211_CN_R4_DQ_SOK_CANv1409;http://rb-ps-tis.bosch.com:8081/tis/web/tci/id/3422427
DMG1211V01B2209;MG1CS211-6.5;VW EA211 TSI Evo2 3 Zyl.;Yes;Yes;MG1CS211;790067;797798;"VW MDL_HIL : MG1CS211_C_EA211EvoR3 / EA211_TSIevo_R3_MQ_CANv7 ; 210811";760371;SWB26.1;5.4.5.173((Build 22628));VeMoX241R10;VME;released;"DMG1211V01B2209/Model/SWB26.1/VW MDL_HIL : MG1CS211_C_EA211EvoR3 / EA211_TSIevo_R3_MQ_CANv7 ; 210811";http://rb-ps-tis.bosch.com:8081/tis/web/tci/id/760371
DMG1211V01C2209;MG1CS211-6.5;VW EA211 TSI Evo2 3 Zyl.;Yes;Yes;MG1CS211;790067;927556;2023-02-09T09:02:03Z - VW MDL : MG1CS211_C_EA211EvoR3 / EA211_TSlevo_R3_MQ_CANv7;1366809;;5.4.5.173((Build 22628));VeMoX241R10;VME;archived;DMG1211V01C2209/Model/2023-02-09T09:02:03Z - VW MDL : MG1CS211_C_EA211EvoR3 / EA211_TSlevo_R3_MQ_CANv7;http://rb-ps-tis.bosch.com:8081/tis/web/tci/id/1366809
DMG1211V02B2209;MG1CS211-6.5;VW EA211 TSI Evo2 3 Zyl.;No;No;;;;;;;;;;;;
DMG1811V41C2412;MG1CA811-2.9;VW EA211 MPI (China);Yes;Yes;MG1CA811;799555;1353703;VW MDL : MG1CA811 / EA211_R4_MPI_AT_CANv7_UNECE : Development;2483410;SWB26.2;5.4.11.249(Beta (Build 49538));VeMoX270R00;VME;archived;DMG1811V41C2412/Model/SWB26.2/VW MDL : MG1CA811 / EA211_R4_MPI_AT_CANv7_UNECE : Development;http://rb-ps-tis.bosch.com:8081/tis/web/tci/id/2483410
DMG1811V40C2411;MG1CA811-3.61;VW EA211 MPI (China);Yes;Yes;MG1CA811;799555;1770357;VW MDL : MG1CA811_C_VeMoX_R270 / EA211_R4_MPI_AT_CANv1407;3450613;CSP_LC_2023.1;5.4.15.290;;VME;development;DMG1811V40C2411/Model/HiL/CSP_LC_2023.1/VME/VW MDL : MG1CA811_C_VeMoX_R270 / EA211_R4_MPI_AT_CANv1407;http://rb-ps-tis.bosch.com:8081/tis/web/tci/id/3450613
DMG1211V72C2113;MG1CS211-6.40;VW EA211 TSI Evo (China);Yes;Yes;MG1CS211;790067;897041;"VW MDL_HIL : MG1CS211_C_EA211Evo / 118kW_CN_OPF_DQ_CANv9 ; 200511";759358;SWB26.1;5.4.5.173((Build 22628));;VME;released;"DMG1211V72C2113/Model/SWB26.1/VW MDL_HIL : MG1CS211_C_EA211Evo / 118kW_CN_OPF_DQ_CANv9 ; 200511";http://rb-ps-tis.bosch.com:8081/tis/web/tci/id/759358
DMG1211V71C2114;MG1CS211_3.4;VW EA211 TSI Evo (China);No;No;;;;;;;;;;;;
DMG1811V20C2177;MG1CA811-2.71;VW EA211 MPI (PL7);Yes;No;MG1CA811;799555;802525;;;;;;;;;
DMG1811V21C2304;MG1CA811-2.61;VW EA211 MPI (PL7);Yes;No;MG1CA811;799555;807389;;;;;;;;;
DMG1811V22C2303;MG1CA811-2.61;VW EA211 MPI (PL7);Yes;No;MG1CA811;799555;861467;;;;;;;;;
D17127V08C000;MED17.1.27;VW EA211 TSI PHEV;Yes;Yes;MED17127;784759;784760;VW MDL : MED17.1.27_C_PHEV / EA211_EU_R4_CANv7_PHEV_LCO5.4.15;3774619;CSP_LC_2023.1;5.4.15.290;VeMoX220R02;VME;released;D17127V08C000/Model/HiL/CSP_LC_2023.1/VW MDL : MED17.1.27_C_PHEV / EA211_EU_R4_CANv7_PHEV_LCO5.4.15;http://rb-ps-tis.bosch.com:8081/tis/web/tci/id/3774619
D17127V01C001;MED17.1.27;VW EA211TSI EU6-2 MQB/PQ3x MED17.1.27;No;No;;;;;;;;;;;;
D17127V02C001;MED17.1.27;VW EA211TSI EU6-2 MQB/PQ3x MED17.1.27;No;No;;;;;;;;;;;;
D17127V31C001;MED17.1.27;VW EA211TSI EU6-2 MQB/PQ3x MED17.1.27;Yes;Yes;MED17127;784759;785374;VW MDL : MED17.1.27_C / EA211_EU_R3_AQ_CANv7;2692144;CSP_LC_2023.1;5.4.15.290;;VME;released;D17127V31C001/Model/HiL/CSP_LC_2023.1/VME/VW MDL : MED17.1.27_C / EA211_EU_R3_AQ_CANv7;http://rb-ps-tis.bosch.com:8081/tis/web/tci/id/2692144
D17127V32C001;MED17.1.27;VW EA211TSI EU6-2 MQB/PQ3x MED17.1.27;No;No;;;;;;;;;;;;
D17127V39C001;MED17.1.27;VW EA211TSI EU6-2 MQB/PQ3x MED17.1.27;No;No;;;;;;;;;;;;
D17127V07C001;MED17.1.27;VW EA211TSI EU6-2 MQB/PQ3x MED17.1.27;No;No;;;;;;;;;;;;
D17127V13C001;MED17.1.27;VW EA211TSI EU6-2 MQB/PQ3x MED17.1.27;Yes;No;MED17127;784759;785332;;;;;;;;;
D17127V14C001;MED17.1.27;VW EA211TSI EU6-2 MQB/PQ3x MED17.1.27;Yes;No;MED17127;784759;785423;;;;;;;;;
D17127V50C001;MED17.1.27;VW EA211TSI EU6-2 MQB/PQ3x MED17.1.27;Yes;No;MED17127;784759;785538;;;;;;;;;
D17127V51C001;MED17.1.27;VW EA211TSI EU6-2 MQB/PQ3x MED17.1.27;Yes;No;MED17127;784759;785491;;;;;;;;;
D17127V53C001;MED17.1.27;VW EA211TSI EU6-2 MQB/PQ3x MED17.1.27;No;No;;;;;;;;;;;;
D17127V54C001;MED17.1.27;VW EA211TSI EU6-2 MQB/PQ3x MED17.1.27;Yes;Yes;MED17127;784759;2235637;VW MDL : MED17.1.27_C / EA211_BZ_R4_AT_CANv7_PL8;2474390;CSP_LC_2023.1;5.4.15.290;;VME;released;D17127V54C001/Model/HiL/CSP_LC_2023.1/VME/VW MDL : MED17.1.27_C / EA211_BZ_R4_AT_CANv7_PL8;http://rb-ps-tis.bosch.com:8081/tis/web/tci/id/2474390
D17521V31C002;MED17.5.21;VW EA211 TSI R3 1,0L EU6 MQB/PQ3x MED17.5.21;No;No;;;;;;;;;;;;
D17521V32C002;MED17.5.21;VW EA211 TSI R3 1,0L EU6 MQB/PQ3x MED17.5.21;No;No;;;;;;;;;;;;
D17521V39C002;MED17.5.21;VW EA211 TSI R3 1,0L EU6 MQB/PQ3x MED17.5.21;No;No;;;;;;;;;;;;
D17521V36C002;MED17.5.21;VW EA211 TSI R3 1,0L EU6 MQB/PQ3x MED17.5.21;No;No;;;;;;;;;;;;
D17521V91C002;MED17.5.21;VW EA211 TSI R3 1,0L EU6 MQB/PQ3x MED17.5.21;No;No;;;;;;;;;;;;
D17521V92C002;MED17.5.21;VW EA211 TSI R3 1,0L EU6 MQB/PQ3x MED17.5.21;No;No;;;;;;;;;;;;
D17521V99C002;MED17.5.21;VW EA211 TSI R3 1,0L EU6 MQB/PQ3x MED17.5.21;No;No;;;;;;;;;;;;
D17521V97C002;MED17.5.21;VW EA211 TSI R3 1,0L EU6 MQB/PQ3x MED17.5.21;No;No;;;;;;;;;;;;
D17161V36C002;MED17.5.21;VW EA211 TSI R3 1,0L EU6 MQB/PQ3x MED17.5.21;No;No;;;;;;;;;;;;
D17521V93C002;MED17.5.21;VW EA211 TSI R3 1,0L EU6 MQB/PQ3x MED17.5.21;No;No;;;;;;;;;;;;
D17521V95C002;MED17.5.21;VW EA211 TSI R3 1,0L EU6 MQB/PQ3x MED17.5.21;Yes;Yes;MED17521;785341;785342;"VW MDL_HIL : MED17521/ EA211_R3_CANv7_E100 ; 191210";480573;SWB26.1;5.4.5.173((Build 22628));;VME;released;"D17521V95C002/Model/SWB26.1/VW MDL_HIL : MED17521/ EA211_R3_CANv7_E100 ; 191210";http://rb-ps-tis.bosch.com:8081/tis/web/tci/id/480573
D17521V01C002;MED17.5.21;VW EA211 TSI EU5J MQB/PQ3x MED17.5.21;No;No;;;;;;;;;;;;
D17521V03C002;MED17.5.21-3.14;VW EA211 TSI EU5J MQB/PQ3x MED17.5.21;No;No;;;;;;;;;;;;
D17521V07C002;MED 17.5.21;VW EA211 TSI EU5J MQB/PQ3x MED17.5.21;No;No;;;;;;;;;;;;
D17521V09C002;MED 17.5.21;VW EA211 TSI EU5J MQB/PQ3x MED17.5.21;No;No;;;;;;;;;;;;
D17521V10C002;MED 17.5.21;VW EA211 TSI EU5J MQB/PQ3x MED17.5.21;No;No;;;;;;;;;;;;
D17521V11C002;MED 17.5.21;VW EA211 TSI EU5J MQB/PQ3x MED17.5.21;No;No;;;;;;;;;;;;
D17521V13C002;MED 17.5.21;VW EA211 TSI EU5J MQB/PQ3x MED17.5.21;No;No;;;;;;;;;;;;
D17521V30C002;MED 17.5.21;VW EA211 TSI EU5J MQB/PQ3x MED17.5.21;No;No;;;;;;;;;;;;
D17521V35C002;MED 17.5.21;VW EA211 TSI EU5J MQB/PQ3x MED17.5.21;No;No;;;;;;;;;;;;
D17161V41C001;MED17.1.61;VW EA211 TSI EU6 MLBEvo MED17.1.61;No;No;;;;;;;;;;;;
D17121V06C000;MED17.1.21;VW EA211 PQ36 NoHEV PZEV;No;No;;;;;;;;;;;;
D1716V05C000;MED17.1.62;VW EA211 Hybrid 1,4 TSI PZEV VW361/7 MED17.1.6;No;No;;;;;;;;;;;;
D17121V02C000;MED17.1.21;VW EA211 Hybrid 1,4 TSI EU6 VW361/7 MED17.1.21 PQ36;No;No;;;;;;;;;;;;
D17121V05C000;MED17.1.21;VW EA211 Hybrid 1,4 TSI MQB-B 1,4 EU6 VW370/9 MED17.1.21;No;No;;;;;;;;;;;;
D17121V04C000;MED17.1.21;VW EA211 Hybrid 1,4 TSI EU6 VW370/9 MED17.1.21 MQB;No;No;;;;;;;;;;;;
S17522V01C000;ME17.5.22;VW EA211 MPI R4 China  ME 17.5.22;No;No;;;;;;;;;;;;
S17522V02C000;ME17.5.22;VW EA211 MPI R4 China  ME 17.5.22;No;No;;;;;;;;;;;;
S17522V03C000;ME17.5.22;VW EA211 MPI R4 China  ME 17.5.22;No;No;;;;;;;;;;;;
S17522V04C000;ME17.5.22;VW EA211 MPI R4 China  ME 17.5.22;No;No;;;;;;;;;;;;
S17522V05C000;ME17.5.22;VW EA211 MPI R4 China  ME 17.5.22;No;No;;;;;;;;;;;;
S17522V07C000;ME17.5.22;VW EA211 MPI R4 China  ME 17.5.22;No;No;;;;;;;;;;;;
S17522V09C000;ME17.5.22;VW EA211 MPI R4 China  ME 17.5.22;No;No;;;;;;;;;;;;
S17522V11C000;ME17.5.22;VW EA211 MPI R4 China  ME 17.5.22;No;No;;;;;;;;;;;;
S17522V14C000;ME17.5.22;VW EA211 MPI R4 China  ME 17.5.22;No;No;;;;;;;;;;;;
S17522V08C000;ME17.5.22;VW EA211 MPI R4 China  ME 17.5.22;No;No;;;;;;;;;;;;
S17522V19C000;ME17.5.22;VW EA211 MPI R4 China  ME 17.5.22;No;No;;;;;;;;;;;;
S17522V24C000;ME17.5.22;VW EA211 MPI R4 China  ME 17.5.22;No;No;;;;;;;;;;;;
S17522V34C000;ME17.5.22;VW EA211 MPI R4 China  ME 17.5.22;No;No;;;;;;;;;;;;
S17522V53C000;ME17.5.22;VW EA211 MPI R4 China  ME 17.5.22;No;No;;;;;;;;;;;;
S17522V57C000;ME17.5.22;VW EA211 MPI R4 China  ME 17.5.22;No;No;;;;;;;;;;;;
S1752V04C000;ME17.5.20;VW EA211 MPI R3 1.0l VW up! (ME17.5.20);No;No;;;;;;;;;;;;
S1752V03C000;ME17.5.20;VW EA211 MPI R3 1.0l VW up! (ME17.5.20);No;No;;;;;;;;;;;;
S1752V14C000;ME17.5.20;VW EA211 MPI R3 1.0l VW up! (ME17.5.20);No;No;;;;;;;;;;;;
S1752V24C000;ME17.5.20;VW EA211 MPI R3 1.0l VW up! (ME17.5.20);No;No;;;;;;;;;;;;
S17524V03C000;ME17.5.24-4.2;VW EA211 MPI R3 1.0l VW up! (ME17.5.24);No;No;;;;;;;;;;;;
S17524V30C000;ME17.5.24-4.4;VW EA211 MPI R3 1.0l VW up! (ME17.5.24);No;No;;;;;;;;;;;;
S17524V01C000;ME17.5.24;VW EA211 MPI R3 1.0l Totalflex Brasilien ME17.5.24;No;No;;;;;;;;;;;;
S17524V06C000;ME17.5.24;VW EA111 MPI 1.0l TEC Totalflex Brasilien - Gol GP ME17.5.20;No;No;;;;;;;;;;;;
S17524V05C000;ME17.5.24;EA211 1.0L MQBA0 MPI ME17.5.24;No;No;;;;;;;;;;;;
S17524V08C000;ME17.5.24;EA211 R3 1,0L MPI GOL PA ME17.5.24;No;No;;;;;;;;;;;;
S17524V10C000;ME17.5.24;VW EA211 MPI R3 1.0l Totalflex Brasilien ME17.5.24;No;No;;;;;;;;;;;;
S17524V17C000;ME17.5.24;VWA Tragkraftspritze Ziegler;No;No;;;;;;;;;;;;
S17526V01C000;ME17.5.26-4.1;VW EA211 MPI R3/R4 MQB und R4 nicht MQB Europa (ME17.5.26 C-Muster);No;No;;;;;;;;;;;;
S17526V02C000;ME17.5.26-4.2;VW EA211 MPI R3/R4 MQB und R4 nicht MQB Europa (ME17.5.26 C-Muster);No;No;;;;;;;;;;;;
S17526V05C000;ME17.5.26-4.2;VW EA211 MPI R3/R4 MQB und R4 nicht MQB Europa (ME17.5.26 C-Muster);No;No;;;;;;;;;;;;
S17526V03C000;ME17.5.26-4.2;VW EA211 MPI R3/R4 MQB und R4 nicht MQB Europa (ME17.5.26 C-Muster);No;No;;;;;;;;;;;;
S17526V06C000;ME17.5.26-4.2;VW EA211 MPI R3/R4 MQB und R4 nicht MQB Europa (ME17.5.26 C-Muster);No;No;;;;;;;;;;;;
S17526V11C000;ME17.5.26-4.3;VW EA211 MPI R3/R4 MQB und R4 nicht MQB Europa (ME17.5.26 C-Muster);No;No;;;;;;;;;;;;
S17526V23C000;ME17.5.26-4.1;VW EA211 MPI R3/R4 MQB und R4 nicht MQB Europa (ME17.5.26 C-Muster);No;No;;;;;;;;;;;;
S17526V30C000;ME17.5.26-4.5;VW EA211 MPI R3/R4 MQB und R4 nicht MQB Europa (ME17.5.26 C-Muster);No;No;;;;;;;;;;;;
S17526V17C000;ME17.5.26-4.4;VW EA211 MPI R3/R4 MQB und R4 nicht MQB Europa (ME17.5.26 C-Muster);No;No;;;;;;;;;;;;
DMG1163V01C2000;MG1CS163-4.5;VW EA390 VR6;Yes;Yes;MG1CS163;796007;796008;"VW MDL_HIL : MG1CS163_C / VR6_TSI_CANv9 ; 210709";771400;SWB26.1;5.4.5.173((Build 22628));VeMoX241R11;VME;released;"DMG1163V01C2000/Model/SWB26.1/VW MDL_HIL : MG1CS163_C / VR6_TSI_CANv9 ; 210709";http://rb-ps-tis.bosch.com:8081/tis/web/tci/id/771400
D17161V03C000;MED17.1.62;VW EA390 VR6 TFSI MED17.1.62;No;No;;;;;;;;;;;;
D17161V04C000;MED17.1.62;VW EA390 VR6 TFSI MED17.1.62;No;No;;;;;;;;;;;;
D17161V08C000;MED17.1.62;VW EA390 VR6 TFSI MED17.1.62;No;No;;;;;;;;;;;;
D17161V01C000;MED17.1.61;VW W12 FSI EU6 D4PA MBA MED17.1.61;No;No;;;;;;;;;;;;
D17162V04C000;MED17.1.62;VW EA390 VR6 TFSI MED17.1.62;Yes;Yes;MED17162;812035;785923;"VW MDL : MED17.1.62_C / VR6_TSI ; 190503";14068;SWB26.1;5.4.5.173((Build 22628));;VME;released;"D17162V04C000/Model/SWB26.1/VW MDL : MED17.1.62_C / VR6_TSI ; 190503";http://rb-ps-tis.bosch.com:8081/tis/web/tci/id/14068
D17162V03C000;MED17.1.62;VW EA390 VR6 TFSI MED17.1.62;No;No;;;;;;;;;;;;
D17162V19C000;MED17.1.62;VW EA390 VR6 TFSI MED17.1.62;No;No;;;;;;;;;;;;
D17162V20C000;MED17.1.62;VW EA390 VR6 TFSI MED17.1.62;No;No;;;;;;;;;;;;
D17162V05C000;MED17.1.62;VW EA390 VR6 TFSI MED17.1.62;No;No;;;;;;;;;;;;
D1716V12C000;MED17.1.6;VW V6H TSI EU5J VW526 Hybrid MED17.1.6;No;No;;;;;;;;;;;;
D1716V13C000;MED17.1.6;PAG V6H TSI EU5J G1II PlugIn-Hybrid MED17.1.6;No;No;;;;;;;;;;;;
D1716V08C000;MED17.1.6;VW EA390 VR6 MED17.1.6;No;No;;;;;;;;;;;;
D1716V01C000;MED17.1.6;VW EA390 VR6 MED17.1.6;No;No;;;;;;;;;;;;
D1716V03C000;MED17.1.6;VW EA390 VR6 MED17.1.6;No;No;;;;;;;;;;;;
D1716V04C000;MED17.1.6;VW EA390 VR6 MED17.1.6;No;No;;;;;;;;;;;;
D1716V14C000;MED17.1.6;VW EA390 VR6 MED17.1.6;No;No;;;;;;;;;;;;
D1716V15C000;MED17.1.6;VW EA390 VR6 MED17.1.6;No;No;;;;;;;;;;;;
D1716V02C000;MED17.1.6;VW EA390 VR6 MED17.1.6;No;No;;;;;;;;;;;;
D1716V07C000;MED17.1.6;VW EA390 VR6 MED17.1.6;No;No;;;;;;;;;;;;
E17521VEUC000;MED17.5.21;VW VW120/7 EV MED17.5.21;No;No;;;;;;;;;;;;
E17521VETC000;MED17.5.21;VW VW370/7 EV MED17.5.21;No;No;;;;;;;;;;;;
